article_frequency,transcript_frequency,emotion_differences,average_difference
"{'fear': 0.041811846689895474, 'anger': 0.05574912891986063, 'trust': 0.11498257839721254, 'surprise': 0.08710801393728224, 'positive': 0.28222996515679444, 'negative': 0.07317073170731707, 'sadness': 0.041811846689895474, 'disgust': 0.010452961672473868, 'joy': 0.10801393728222997, 'anticipation': 0.18466898954703834}","{'fear': 0.03741496598639456, 'anger': 0.047619047619047616, 'trust': 0.12585034013605442, 'surprise': 0.08843537414965986, 'positive': 0.29591836734693877, 'negative': 0.07142857142857142, 'sadness': 0.03741496598639456, 'disgust': 0.01020408163265306, 'joy': 0.10204081632653061, 'anticipation': 0.1836734693877551}","{'positive': 0.013688402190144333, 'negative': 0.0017421602787456442, 'anticipation': 0.0009955201592832252, 'joy': 0.005973120955699351, 'fear': 0.004396880703500916, 'trust': 0.01086776173884188, 'sadness': 0.004396880703500916, 'disgust': 0.00024888003982080804, 'surprise': 0.001327360212377629, 'anger': 0.00813008130081301}",0.005176704828272771
